,date_taken,date_upload,geo,photo_id,region
0,2010-10,2010-10,"[u'47.599807', u'-122.325022']",5102119767,Washington
1,2010-09,2010-09,"[u'41.782863', u'-88.261161']",5009374386,Illinois
2,2012-11,2013-03,"[u'40.008371', u'-75.090887']",8539329767,Pennsylvania
3,2012-03,2012-03,"[u'34.119793', u'-118.179760']",6986515517,California
4,2012-03,2012-03,"[u'34.119854', u'-118.179683']",6840396896,California
5,2013-03,2013-03,"[u'40.008371', u'-75.090887']",8539329657,Pennsylvania
6,2010-04,2012-11,"[u'29.800618', u'-95.553803']",8186236477,Texas
7,2012-11,2013-03,"[u'40.008371', u'-75.090887']",8540436034,Pennsylvania
8,2013-03,2013-03,"[u'40.008371', u'-75.090887']",8540435538,Pennsylvania
9,2011-06,2013-03,"[u'40.008371', u'-75.090887']",8539330165,Pennsylvania
10,2012-11,2013-03,"[u'40.008371', u'-75.090887']",8540435894,Pennsylvania
11,2011-05,2013-03,"[u'40.008371', u'-75.090887']",8540436126,Pennsylvania
12,2013-12,2013-12,"[u'42.145173', u'-71.210374']",11405207546,Massachusetts
13,2013-12,2013-12,"[u'42.136064', u'-71.220191']",11523353206,Massachusetts
14,2010-08,2011-04,"[u'45.485321', u'-122.796508']",5666104956,Oregon
15,2013-08,2013-08,"[u'40.821103', u'-73.876532']",9516658977,New York
16,2007-01,2007-05,"[u'38.941853', u'-95.228891']",480642544,Kansas
17,2010-05,2010-05,"[u'38.055322', u'-84.528422']",4575642105,Kentucky
18,2015-03,2015-03,"[u'42.191835', u'-71.117720']",16338870683,Massachusetts
19,2011-05,2011-05,"[u'42.669450', u'-73.726462']",5708429262,New York
20,2012-03,2012-03,"[u'34.119821', u'-118.179740']",6986518895,California
21,2010-06,2010-08,"[u'34.020812', u'-118.787151']",4864662996,California
22,2010-06,2010-08,"[u'34.020812', u'-118.787151']",4864046239,California
23,2012-03,2012-03,"[u'34.119909', u'-118.179815']",6986520627,California
24,2012-03,2012-03,"[u'34.119881', u'-118.179810']",6840400828,California
25,2012-03,2012-03,"[u'34.119840', u'-118.179803']",6840400250,California
26,2012-03,2012-03,"[u'34.119890', u'-118.179771']",6840399418,California
27,2012-03,2012-03,"[u'34.119936', u'-118.179763']",6986518095,California
28,2012-03,2012-03,"[u'34.119905', u'-118.179653']",6840397698,California
29,2012-03,2012-03,"[u'34.119698', u'-118.180038']",6986513967,California
30,2012-03,2012-03,"[u'34.119081', u'-118.180530']",6840389832,California
31,2012-03,2012-03,"[u'34.119120', u'-118.180578']",6986508535,California
32,2012-03,2012-03,"[u'34.119041', u'-118.179998']",6840388734,California
33,2012-03,2012-03,"[u'34.119955', u'-118.179435']",6986506589,California
34,2004-12,2006-07,"[u'35.727562', u'-83.519954']",188107376,Tennessee
35,2012-03,2012-03,"[u'34.119000', u'-118.180333']",6840393076,California
36,2012-03,2012-03,"[u'34.119000', u'-118.180333']",6986511611,California
37,2012-03,2012-03,"[u'34.119166', u'-118.180166']",6986511001,California
38,2012-03,2012-03,"[u'34.119333', u'-118.180166']",6840391290,California
39,2012-03,2012-03,"[u'34.119333', u'-118.180333']",6986509701,California
40,2010-05,2010-05,"[u'38.055322', u'-84.528422']",4575642115,Kentucky
41,2012-10,2013-11,"[u'42.269584', u'-71.087274']",11066652325,Massachusetts
42,2013-03,2013-03,"[u'40.008371', u'-75.090887']",8540435466,Pennsylvania
43,2010-12,2010-12,"[u'38.055322', u'-84.528422']",5232348560,Kentucky
44,2013-05,2013-05,"[u'38.528229', u'-121.764113']",8895473249,California
45,2010-12,2010-12,"[u'38.055322', u'-84.528422']",5232348568,Kentucky
46,2012-05,2012-05,"[u'42.269584', u'-71.087274']",7298867324,Massachusetts
47,2014-10,2014-10,"[u'38.888356', u'-77.028766']",15498316125,District of Columbia
48,2013-12,2013-12,"[u'42.144218', u'-71.210846']",11405347143,Massachusetts
49,2012-05,2012-05,"[u'42.269048', u'-71.072748']",7300800062,Massachusetts
50,2011-09,2012-10,"[u'43.078684', u'-87.879209']",8100259131,Wisconsin
51,2010-04,2010-05,"[u'45.511420', u'-122.653801']",4651203085,Oregon
52,2012-09,2013-03,"[u'40.008371', u'-75.090887']",8540435988,Pennsylvania
53,2011-02,2011-02,"[u'33.738000', u'-118.396167']",5484274989,California
54,2013-03,2013-03,"[u'40.008371', u'-75.090887']",8539329415,Pennsylvania
55,2012-08,2012-09,"[u'36.102376', u'-115.025739']",7914825948,Nevada
56,2008-05,2008-02,"[u'38.969911', u'-95.288565']",2247139490,Kansas
57,2014-08,2014-08,"[u'39.098512', u'-74.711494']",14775272377,New Jersey
58,2007-08,2007-12,"[u'45.531274', u'-122.681665']",2098791725,Oregon
59,2011-09,2012-10,"[u'43.078684', u'-87.879188']",8100259639,Wisconsin
60,2011-09,2012-10,"[u'43.078715', u'-87.879166']",8100259019,Wisconsin
61,2009-05,2009-05,"[u'42.929617', u'-75.856046']",3533754358,New York
62,2013-03,2013-03,"[u'40.008371', u'-75.090887']",8540435214,Pennsylvania
63,2013-03,2013-03,"[u'40.008371', u'-75.090887']",8540436220,Pennsylvania
64,2010-07,2012-09,"[u'42.944863', u'-87.993450']",7994696125,Wisconsin
65,2013-10,2013-10,"[u'41.957980', u'-87.669595']",10406355724,Illinois
66,2012-04,2012-04,"[u'40.092091', u'-75.052757']",6901730704,Pennsylvania
67,2012-09,2013-03,"[u'40.008371', u'-75.090887']",8540435266,Pennsylvania
68,2010-07,2012-09,"[u'42.944863', u'-87.995080']",7994695119,Wisconsin
69,2011-01,2011-01,"[u'32.338744', u'-90.172305']",5312670532,Mississippi
70,2012-11,2013-03,"[u'40.008371', u'-75.090887']",8540435654,Pennsylvania
71,2006-02,2010-08,"[u'34.020812', u'-118.787151']",4864045571,California
72,2006-02,2010-08,"[u'34.020812', u'-118.787151']",4864046067,California
73,2006-02,2010-08,"[u'34.020812', u'-118.787151']",4864045983,California
74,2010-06,2010-08,"[u'34.020812', u'-118.787151']",4864046155,California
75,2006-02,2010-08,"[u'34.020812', u'-118.787151']",4864045819,California
76,2006-02,2010-08,"[u'34.020812', u'-118.787151']",4864662338,California
77,2006-02,2010-08,"[u'34.020812', u'-118.787151']",4864662272,California
78,2006-02,2010-08,"[u'34.020812', u'-118.787151']",4864662074,California
79,2012-11,2013-03,"[u'40.008371', u'-75.090887']",8540435946,Pennsylvania
80,2012-11,2013-03,"[u'40.008371', u'-75.090887']",8540435774,Pennsylvania
81,2012-11,2013-03,"[u'40.008371', u'-75.090887']",8539329895,Pennsylvania
82,2010-10,2010-10,"[u'47.599290', u'-122.325012']",5102714268,Washington
83,2012-08,2012-08,"[u'36.105913', u'-115.020589']",7876819200,Nevada
84,2013-04,2013-05,"[u'36.103277', u'-115.023679']",8801466854,Nevada
85,2012-10,2013-05,"[u'42.930850', u'-87.981304']",8902292974,Wisconsin
86,2013-04,2013-04,"[u'35.019005', u'-106.669714']",8671313500,New Mexico
87,2012-08,2012-08,"[u'36.104101', u'-115.020364']",7867146540,Nevada
88,2011-04,2011-04,"[u'47.705530', u'-122.288174']",5583706187,Washington
89,2008-11,2009-01,"[u'45.555624', u'-122.674981']",3160338459,Oregon
90,2009-01,2009-01,"[u'39.644907', u'-105.006165']",3218942902,Colorado
91,2007-10,2007-10,"[u'42.929617', u'-75.856046']",1747551424,New York
92,1999-11,2012-11,"[u'42.992657', u'-89.527888']",8161921133,Wisconsin
93,2009-05,2009-05,"[u'37.784638', u'-122.392555']",3550129955,California
94,2012-08,2012-08,"[u'36.107473', u'-115.025911']",7876708372,Nevada
95,2011-09,2011-09,"[u'39.282720', u'-76.505811']",6116758120,Maryland
96,2001-01,2012-09,"[u'42.928399', u'-89.394378']",8027583311,Wisconsin
97,2013-04,2013-06,"[u'36.103520', u'-115.024194']",9049930644,Nevada
98,2011-06,2012-11,"[u'42.944800', u'-87.945299']",8183599706,Wisconsin
99,2012-10,2012-12,"[u'43.027051', u'-87.957959']",8245032460,Wisconsin
100,2012-08,2012-08,"[u'36.102879', u'-115.025900']",7866475386,Nevada
101,2012-08,2012-08,"[u'41.887500', u'-87.930501']",7768369298,Illinois
102,2010-08,2012-12,"[u'43.025168', u'-88.254976']",8311530678,Wisconsin
103,2010-08,2012-12,"[u'43.025106', u'-88.254976']",8311552740,Wisconsin
104,2012-09,2012-09,"[u'32.333921', u'-90.174322']",7966234962,Mississippi
105,2010-07,2012-09,"[u'42.944925', u'-87.993192']",7994695423,Wisconsin
106,2013-03,2013-03,"[u'32.338236', u'-90.173249']",8538451871,Mississippi
107,2012-08,2013-03,"[u'40.008371', u'-75.090887']",8540436294,Pennsylvania
108,2012-08,2012-08,"[u'27.944767', u'-82.445483']",7726598180,Florida
109,2014-07,2014-07,"[u'40.042039', u'-75.317459']",14408989118,Pennsylvania
110,2013-06,2013-06,"[u'40.731666', u'-73.863167']",9101931823,New York
111,2013-06,2013-06,"[u'40.731166', u'-73.863167']",9104160044,New York
112,2010-07,2012-09,"[u'42.944925', u'-87.996282']",7994703086,Wisconsin
113,2007-12,2008-02,"[u'33.737100', u'-84.371234']",2238612306,Georgia
114,2011-03,2011-03,"[u'39.092072', u'-77.209178']",5562043560,Maryland
115,2008-11,2009-04,"[u'45.554666', u'-122.674667']",3415149607,Oregon
116,2009-08,2009-08,"[u'29.951662', u'-90.136556']",3831317835,Louisiana
117,2012-08,2012-08,"[u'36.103104', u'-115.025589']",7866610788,Nevada
118,2012-11,2013-03,"[u'40.008371', u'-75.090887']",8539330733,Pennsylvania
119,2008-03,2008-05,"[u'39.000947', u'-77.011440']",2459210754,Maryland
120,2011-03,2011-03,"[u'39.094310', u'-77.208502']",5562043550,Maryland
121,2011-03,2011-03,"[u'39.094310', u'-77.208502']",5562043544,Maryland
122,2010-07,2012-09,"[u'42.944863', u'-87.995252']",7994702746,Wisconsin
123,2013-06,2013-06,"[u'40.731833', u'-73.863334']",9101932149,New York
124,2005-08,2009-01,"[u'42.929617', u'-75.856046']",3228890142,New York
125,2012-10,2012-10,"[u'42.982611', u'-87.941780']",8071000722,Wisconsin
126,2008-10,2008-10,"[u'42.929617', u'-75.856046']",2984623512,New York
127,2013-06,2013-06,"[u'27.361762', u'-82.554059']",8995472887,Florida
128,2013-06,2013-06,"[u'40.734333', u'-73.868834']",9101932617,New York
129,2013-12,2013-12,"[u'47.408595', u'-122.259959']",11609451073,Washington
130,2010-05,2010-05,"[u'45.584731', u'-122.756423']",4619887111,Oregon
131,2009-06,2009-06,"[u'47.702278', u'-122.323858']",3606570036,Washington
132,2012-10,2013-05,"[u'42.930756', u'-87.981218']",8901679481,Wisconsin
133,2012-07,2012-11,"[u'43.169003', u'-89.231214']",8226411041,Wisconsin
134,2008-10,2013-01,"[u'43.096000', u'-88.071727']",8409463869,Wisconsin
135,2008-10,2013-01,"[u'43.095655', u'-88.072199']",8409463827,Wisconsin
136,2006-08,2012-10,"[u'42.944077', u'-88.053102']",8067189143,Wisconsin
137,2006-08,2012-10,"[u'42.944077', u'-88.053274']",8067189007,Wisconsin
138,2013-06,2013-09,"[u'38.746787', u'-90.421771']",9753970245,Missouri
139,2007-10,2012-11,"[u'44.420386', u'-88.099193']",8233285001,Wisconsin
140,2013-06,2013-09,"[u'38.746971', u'-90.422479']",9753768921,Missouri
141,2007-07,2007-07,"[u'32.206682', u'-110.988382']",967339583,Arizona
142,2011-09,2012-10,"[u'43.078605', u'-87.879166']",8100259541,Wisconsin
143,2011-09,2012-10,"[u'43.078715', u'-87.879188']",8100267040,Wisconsin
144,2011-09,2012-10,"[u'43.078825', u'-87.879188']",8100267842,Wisconsin
145,2011-09,2012-10,"[u'43.078778', u'-87.879188']",8100259345,Wisconsin
146,2011-09,2012-10,"[u'43.078856', u'-87.879166']",8100266804,Wisconsin
147,2011-09,2012-10,"[u'43.078778', u'-87.879145']",8100266418,Wisconsin
148,2012-10,2012-10,"[u'43.078856', u'-87.879188']",8100267484,Wisconsin
149,2008-08,2012-11,"[u'43.064906', u'-88.180046']",8234340708,Wisconsin
150,2006-08,2012-10,"[u'42.943857', u'-88.053274']",8067188871,Wisconsin
151,2012-09,2012-09,"[u'42.947815', u'-88.000144']",8027656062,Wisconsin
152,2011-06,2012-11,"[u'42.944737', u'-87.945213']",8183599802,Wisconsin
153,2007-09,2007-10,"[u'37.682393', u'-112.121315']",1801088531,Utah
154,2006-08,2012-10,"[u'42.944203', u'-88.052973']",8067188707,Wisconsin
155,2008-10,2012-11,"[u'43.094621', u'-88.087477']",8233267871,Wisconsin
156,2011-06,2012-11,"[u'42.944737', u'-87.945384']",8183599860,Wisconsin
157,2006-07,2012-09,"[u'43.050387', u'-88.221802']",7996359242,Wisconsin
158,2006-07,2012-09,"[u'43.050513', u'-88.221287']",7996352385,Wisconsin
159,2000-10,2012-11,"[u'42.933427', u'-89.385795']",8161920765,Wisconsin
160,2013-08,2013-08,"[u'26.684879', u'-80.351525']",9453260629,Florida
161,2013-08,2013-08,"[u'26.681878', u'-80.351032']",9453260579,Florida
162,2000-10,2012-11,"[u'42.928525', u'-89.394850']",8161921053,Wisconsin
163,2000-10,2012-11,"[u'42.933395', u'-89.385795']",8161952424,Wisconsin
164,1999-11,2012-11,"[u'42.992563', u'-89.527888']",8161952162,Wisconsin
165,2011-03,2012-10,"[u'43.016948', u'-88.291025']",8067186440,Wisconsin
166,2008-09,2012-09,"[u'43.027302', u'-88.202362']",8027766867,Wisconsin
167,2008-10,2012-11,"[u'43.094652', u'-88.087220']",8233267795,Wisconsin
168,2012-10,2012-12,"[u'43.028431', u'-87.958431']",8245032214,Wisconsin
169,2000-10,2012-11,"[u'42.928462', u'-89.395151']",8161920975,Wisconsin
170,2012-01,2015-06,"[u'32.661111', u'-97.085834']",18936563840,Texas
171,2013-06,2013-06,"[u'40.731833', u'-73.866000']",9104159820,New York
172,2013-06,2013-06,"[u'40.731833', u'-73.866000']",9104159740,New York
173,2013-06,2013-06,"[u'40.731500', u'-73.863000']",9101931505,New York
174,2012-10,2012-10,"[u'43.078872', u'-87.879252']",8100267752,Wisconsin
175,2010-06,2010-08,"[u'39.322147', u'-76.626977']",4858079944,Maryland
176,2010-12,2010-12,"[u'42.203217', u'-71.107174']",5280377643,Massachusetts
177,2013-06,2013-06,"[u'40.731833', u'-73.863667']",9104159414,New York
178,2012-08,2012-08,"[u'28.664909', u'-81.357450']",7844787726,Florida
179,2010-04,2010-04,"[u'40.955254', u'-73.708139']",4530875242,New York
180,2012-08,2012-09,"[u'36.100937', u'-115.019838']",7916294804,Nevada
181,2015-02,2015-02,"[u'46.079899', u'-118.339691']",15883138944,Washington
182,2013-09,2013-09,"[u'40.436413', u'-79.894797']",9718915885,Pennsylvania
183,2007-10,2007-10,"[u'42.928411', u'-75.854984']",1747545682,New York
184,2007-01,2009-03,"[u'37.730827', u'-89.243059']",3367507673,Illinois
185,2011-10,2012-09,"[u'43.045777', u'-87.922897']",7996222172,Wisconsin
186,2012-10,2013-11,"[u'43.034792', u'-87.921395']",11126827614,Wisconsin
187,2012-10,2013-11,"[u'43.034792', u'-87.921395']",11126761215,Wisconsin
188,2011-02,2011-03,"[u'37.792600', u'-122.419967']",5487730225,California
189,2009-09,2011-09,"[u'35.494184', u'-80.851607']",6124078615,North Carolina
190,2011-10,2012-09,"[u'43.046436', u'-87.922897']",7996222798,Wisconsin
191,2011-10,2012-09,"[u'43.045683', u'-87.922897']",7996216093,Wisconsin
192,2011-10,2012-09,"[u'43.045714', u'-87.922940']",7996215839,Wisconsin
193,2012-10,2013-11,"[u'43.034792', u'-87.921395']",11126789066,Wisconsin
194,2012-10,2013-11,"[u'43.034942', u'-87.921910']",11126786616,Wisconsin
195,2011-10,2012-09,"[u'43.045746', u'-87.922983']",7996222572,Wisconsin
196,2011-10,2012-09,"[u'43.045714', u'-87.922983']",7996216431,Wisconsin
197,2012-10,2012-10,"[u'43.078840', u'-87.879188']",8100259987,Wisconsin
198,2012-10,2012-10,"[u'43.078762', u'-87.879252']",8100267574,Wisconsin
199,2012-10,2012-10,"[u'43.078809', u'-87.879273']",8100259721,Wisconsin
200,2011-10,2012-09,"[u'43.046404', u'-87.922940']",7996223044,Wisconsin
201,2011-10,2012-09,"[u'43.045652', u'-87.922940']",7996215719,Wisconsin
202,2011-10,2012-09,"[u'43.047063', u'-87.924528']",7996215137,Wisconsin
203,2012-09,2012-09,"[u'42.947941', u'-88.000059']",8027655926,Wisconsin
204,2011-10,2012-09,"[u'43.047126', u'-87.924699']",7996221448,Wisconsin
205,2007-07,2007-07,"[u'32.206682', u'-110.988382']",967356735,Arizona
206,2011-06,2012-11,"[u'42.944737', u'-87.945728']",8183562023,Wisconsin
207,2011-10,2011-10,"[u'45.012116', u'-93.235902']",6223668235,Minnesota
208,2014-07,2014-07,"[u'38.972755', u'-76.534967']",14650375174,Maryland
209,2013-06,2015-06,"[u'32.773169', u'-96.928445']",18501757534,Texas
210,2013-06,2015-06,"[u'32.773961', u'-96.928414']",18936552430,Texas
211,2013-06,2015-06,"[u'32.774025', u'-96.929878']",18503642223,Texas
212,2013-06,2015-06,"[u'32.776711', u'-96.928520']",18938122599,Texas
213,2014-03,2015-06,"[u'33.677966', u'-95.535331']",18503547743,Texas
214,2014-03,2015-06,"[u'33.672077', u'-95.536720']",19118471292,Texas
215,2014-03,2015-06,"[u'33.672077', u'-95.536720']",18938023399,Texas
216,2007-10,2007-10,"[u'42.929617', u'-75.856046']",1747546854,New York
217,2008-09,2012-09,"[u'43.027239', u'-88.202834']",8027724588,Wisconsin
218,2008-09,2012-09,"[u'43.027270', u'-88.203005']",8027721956,Wisconsin
219,2012-10,2013-12,"[u'43.031098', u'-87.945255']",11333923843,Wisconsin
220,2013-08,2013-08,"[u'26.681878', u'-80.351032']",9456040586,Florida
221,2008-09,2012-09,"[u'42.969518', u'-88.266434']",8027780489,Wisconsin
222,2012-07,2012-09,"[u'43.170944', u'-89.237265']",8027336899,Wisconsin
223,2012-10,2013-12,"[u'43.031239', u'-87.945449']",11333851256,Wisconsin
224,2012-07,2012-09,"[u'43.170913', u'-89.237136']",8027336571,Wisconsin
225,2012-10,2012-12,"[u'43.028494', u'-87.958345']",8245032888,Wisconsin
226,2006-10,2012-11,"[u'43.316029', u'-87.969932']",8234317502,Wisconsin
227,2012-10,2012-12,"[u'43.026580', u'-87.958130']",8243964517,Wisconsin
228,2012-10,2012-10,"[u'42.982611', u'-87.941865']",8071000986,Wisconsin
229,2012-10,2012-12,"[u'43.028776', u'-87.958345']",8243964431,Wisconsin
230,2012-10,2012-12,"[u'43.026831', u'-87.958302']",8243964203,Wisconsin
231,2012-10,2012-12,"[u'43.026706', u'-87.958130']",8243964673,Wisconsin
232,2012-10,2012-12,"[u'43.028274', u'-87.958388']",8243963981,Wisconsin
233,2012-07,2012-09,"[u'43.170975', u'-89.237136']",8027336671,Wisconsin
234,2012-10,2012-12,"[u'43.026423', u'-87.958474']",8245032012,Wisconsin
235,2011-09,2011-09,"[u'39.283190', u'-76.494551']",6118161064,Maryland
236,2013-07,2015-06,"[u'32.767794', u'-97.363564']",18501710284,Texas
237,2013-07,2015-06,"[u'32.767733', u'-97.363700']",18936506500,Texas
238,2013-01,2013-01,"[u'41.989847', u'-87.763981']",8378835096,Illinois
239,2012-08,2012-08,"[u'36.100937', u'-115.020010']",7877463590,Nevada
240,2005-10,2010-06,"[u'42.348871', u'-71.040687']",4691067088,Massachusetts
241,2011-05,2011-05,"[u'42.288246', u'-83.745045']",5759464342,Michigan
242,2007-05,2007-10,"[u'42.929617', u'-75.856046']",1748701149,New York
243,2012-08,2012-08,"[u'36.101370', u'-115.024602']",7877313564,Nevada
244,2007-10,2007-10,"[u'42.929617', u'-75.856046']",1747548406,New York
245,2011-08,2013-05,"[u'42.254982', u'-71.169390']",8902532862,Massachusetts
246,2011-08,2013-05,"[u'42.255013', u'-71.169561']",8901919175,Massachusetts
247,2007-10,2007-10,"[u'42.929617', u'-75.856046']",1746697533,New York
248,2012-08,2012-09,"[u'36.103988', u'-115.019624']",7913744326,Nevada
249,2012-10,2012-10,"[u'39.282513', u'-76.502459']",8136342270,Maryland
250,2010-08,2012-12,"[u'43.025168', u'-88.255062']",8311552948,Wisconsin
251,2011-09,2011-09,"[u'39.282214', u'-76.502212']",6117603967,Maryland
252,2011-08,2011-08,"[u'39.282675', u'-76.495324']",6066291435,Maryland
253,2007-10,2010-04,"[u'40.485008', u'-88.997711']",4543312587,Illinois
254,2006-05,2012-09,"[u'44.247781', u'-88.402862']",8027482339,Wisconsin
255,2006-05,2012-09,"[u'44.247658', u'-88.402776']",8027482273,Wisconsin
256,2007-07,2007-07,"[u'32.206682', u'-110.988382']",967391609,Arizona
257,2007-07,2009-07,"[u'33.937832', u'-84.478061']",3705513274,Georgia
258,2012-12,2012-12,"[u'38.159879', u'-122.210497']",8330324171,California
259,2014-07,2014-07,"[u'40.154014', u'-75.342049']",14660267252,Pennsylvania
260,2010-05,2010-05,"[u'40.513766', u'-74.357893']",4647850218,New Jersey
261,2010-05,2010-05,"[u'40.513766', u'-74.357893']",4647849998,New Jersey
262,2010-05,2010-05,"[u'40.513766', u'-74.357893']",4647849764,New Jersey
263,2015-04,2015-04,"[u'40.141926', u'-75.446752']",16615482974,Pennsylvania
264,2008-10,2008-10,"[u'29.923473', u'-95.213570']",2987789877,Texas
265,2006-05,2012-01,"[u'42.495959', u'-70.919666']",6731307963,Massachusetts
266,2015-06,2015-06,"[u'40.211651', u'-75.500703']",18863831128,Pennsylvania
267,1998-02,2012-11,"[u'42.905331', u'-89.383435']",8161920531,Wisconsin
268,2015-06,2015-06,"[u'29.568605', u'-95.667703']",18913161788,Texas
269,2009-10,2015-06,"[u'32.736033', u'-97.363800']",18994668830,Texas
270,2013-06,2015-06,"[u'32.775591', u'-96.928695']",19098094056,Texas
271,2013-06,2015-06,"[u'32.776100', u'-96.928559']",19118554462,Texas
272,2015-02,2015-06,"[u'45.442722', u'-122.733489']",18480284353,Oregon
273,2015-06,2015-06,"[u'40.211096', u'-75.499063']",18428946764,Pennsylvania
274,2010-08,2012-12,"[u'43.025231', u'-88.254890']",8311552862,Wisconsin
275,2011-09,2011-09,"[u'39.282621', u'-76.494905']",6117612333,Maryland
276,2012-05,2012-06,"[u'47.471065', u'-94.878771']",7331188586,Minnesota
277,2011-08,2011-08,"[u'39.282222', u'-76.502115']",6041649451,Maryland
278,2011-08,2011-08,"[u'39.282297', u'-76.502437']",6042194086,Maryland
279,2012-06,2013-01,"[u'39.038000', u'-77.027334']",8425454620,Maryland
280,2006-10,2010-04,"[u'45.500662', u'-122.644726']",4536576151,Oregon
281,2007-07,2007-07,"[u'32.206682', u'-110.988382']",968252558,Arizona
282,2007-07,2007-07,"[u'32.206682', u'-110.988382']",967385885,Arizona
283,2007-07,2007-07,"[u'32.206682', u'-110.988382']",967380061,Arizona
284,2007-07,2007-07,"[u'32.206682', u'-110.988382']",967374423,Arizona
285,2007-07,2007-07,"[u'32.206682', u'-110.988382']",967367967,Arizona
286,2007-07,2007-07,"[u'32.206682', u'-110.988382']",968218784,Arizona
287,2007-07,2007-07,"[u'32.206682', u'-110.988382']",968206770,Arizona
288,2007-07,2007-07,"[u'32.206682', u'-110.988382']",968201790,Arizona
289,2007-07,2007-07,"[u'32.206682', u'-110.988382']",968189912,Arizona
290,2007-07,2007-07,"[u'32.206682', u'-110.988382']",967310245,Arizona
291,2007-07,2007-07,"[u'32.206682', u'-110.988382']",967299591,Arizona
292,2007-07,2007-07,"[u'32.206682', u'-110.988382']",968150546,Arizona
293,2007-07,2007-07,"[u'32.206682', u'-110.988382']",968144968,Arizona
294,2007-07,2007-07,"[u'32.206682', u'-110.988382']",967282899,Arizona
295,2007-07,2007-07,"[u'32.206682', u'-110.988382']",968128698,Arizona
296,2007-07,2007-07,"[u'32.206682', u'-110.988382']",967266669,Arizona
297,2007-07,2007-07,"[u'32.206682', u'-110.988382']",968117922,Arizona
298,2007-07,2007-07,"[u'32.206682', u'-110.988382']",968112578,Arizona
299,2011-08,2011-08,"[u'39.282687', u'-76.495077']",6041652997,Maryland
300,2011-08,2011-08,"[u'39.282687', u'-76.495077']",6042198192,Maryland
301,2007-10,2007-10,"[u'42.929617', u'-75.856046']",1747546018,New York
302,2011-08,2011-08,"[u'39.282687', u'-76.495077']",6041653213,Maryland
303,2011-08,2011-08,"[u'39.282687', u'-76.495077']",6041652759,Maryland
304,2011-08,2011-08,"[u'39.282687', u'-76.495077']",6042198380,Maryland
305,2011-08,2011-08,"[u'39.282687', u'-76.495077']",6042198050,Maryland
306,2011-08,2011-08,"[u'39.282455', u'-76.494669']",6042197272,Maryland
307,2011-01,2011-01,"[u'34.740219', u'-86.567995']",5334406886,Alabama
308,2009-05,2009-05,"[u'42.929617', u'-75.856046']",3532937245,New York
309,2012-08,2012-09,"[u'36.102133', u'-115.028153']",7913969666,Nevada
310,2004-12,2010-02,"[u'42.448256', u'-71.032898']",4332012473,Massachusetts
311,2008-10,2008-10,"[u'43.235589', u'-86.253072']",2917853772,Michigan
312,2007-03,2007-10,"[u'42.929617', u'-75.856046']",1747553102,New York
313,2012-08,2012-09,"[u'36.105913', u'-115.020589']",7913619150,Nevada
314,2010-12,2010-12,"[u'32.336459', u'-90.172305']",5306506869,Mississippi
315,2013-06,2013-06,"[u'40.428500', u'-79.978834']",9151825714,Pennsylvania
316,2011-05,2011-06,"[u'38.927332', u'-77.377717']",5806499959,Virginia
317,2008-12,2008-12,"[u'45.527035', u'-122.664070']",3151752821,Oregon
318,2008-10,2008-10,"[u'42.929617', u'-75.856046']",2984624248,New York
319,2007-10,2007-10,"[u'42.929617', u'-75.856046']",1746700481,New York
320,2012-04,2012-04,"[u'40.033184', u'-75.171890']",6901732686,Pennsylvania
321,2009-05,2009-05,"[u'42.929617', u'-75.856046']",3533755682,New York
322,2009-06,2009-06,"[u'47.530582', u'-122.023494']",3614306753,Washington
323,2011-03,2011-03,"[u'39.282463', u'-76.494626']",5516644486,Maryland
324,2014-04,2014-05,"[u'39.079238', u'-77.087709']",13951070489,Maryland
325,2004-09,2009-07,"[u'33.937832', u'-84.478061']",3705513454,Georgia
326,2007-07,2009-07,"[u'33.937832', u'-84.478061']",3704705653,Georgia
327,2007-07,2009-07,"[u'33.937832', u'-84.478061']",3704710573,Georgia
328,2004-09,2009-07,"[u'33.937832', u'-84.478061']",3705517868,Georgia
329,2015-05,2015-05,"[u'40.306596', u'-111.690015']",17827242788,Utah
330,2007-07,2009-07,"[u'33.937832', u'-84.478061']",3704710969,Georgia
331,2007-07,2009-07,"[u'33.937832', u'-84.478061']",3705512936,Georgia
332,2007-07,2009-07,"[u'33.937832', u'-84.478061']",3705512776,Georgia
333,2010-04,2010-04,"[u'42.681994', u'-73.823906']",4488407115,New York
334,2011-11,2011-11,"[u'45.514305', u'-122.629276']",6357031355,Oregon
335,2015-04,2015-04,"[u'39.976661', u'-75.116630']",16428730523,Pennsylvania
336,2007-07,2009-07,"[u'33.937832', u'-84.478061']",3705512628,Georgia
337,2009-05,2009-05,"[u'42.929617', u'-75.856046']",3533757836,New York
338,2009-05,2009-05,"[u'42.929617', u'-75.856046']",3533751800,New York
339,2009-05,2009-05,"[u'42.929617', u'-75.856046']",3533759826,New York
340,2009-05,2009-05,"[u'42.929617', u'-75.856046']",3533757638,New York
341,2009-05,2009-05,"[u'42.929617', u'-75.856046']",3532939509,New York
342,2011-11,2012-05,"[u'47.735167', u'-122.310023']",7309598980,Washington
343,2010-04,2010-04,"[u'38.943000', u'-77.017667']",4517172685,District of Columbia
344,2014-04,2014-05,"[u'39.079188', u'-77.088181']",14134797132,Maryland
345,2014-04,2014-05,"[u'39.079025', u'-77.088287']",14137979454,Maryland
346,2014-04,2014-05,"[u'39.079208', u'-77.088500']",13951067049,Maryland
347,2014-04,2014-05,"[u'39.079200', u'-77.088256']",14137975974,Maryland
348,2014-04,2014-05,"[u'39.079147', u'-77.088256']",13951048957,Maryland
349,2014-04,2014-05,"[u'39.079219', u'-77.088281']",14134409911,Maryland
350,2014-04,2014-05,"[u'39.079188', u'-77.088264']",14137974354,Maryland
351,2014-04,2014-05,"[u'39.079136', u'-77.088539']",14114547976,Maryland
352,2014-04,2014-05,"[u'39.079205', u'-77.088500']",14157797623,Maryland
353,2014-04,2014-05,"[u'39.079113', u'-77.088531']",13951102278,Maryland
354,2014-04,2014-05,"[u'39.079247', u'-77.088242']",14137966594,Maryland
355,2014-04,2014-05,"[u'39.079147', u'-77.087914']",14137965654,Maryland
356,2014-04,2014-05,"[u'39.079155', u'-77.088539']",14157791203,Maryland
357,2014-04,2014-05,"[u'39.079155', u'-77.088539']",14157790833,Maryland
358,2014-04,2014-05,"[u'39.079177', u'-77.087967']",14134781832,Maryland
359,2014-04,2014-05,"[u'39.079033', u'-77.087998']",14157783113,Maryland
360,2014-04,2014-05,"[u'39.079175', u'-77.088173']",13951030957,Maryland
361,2014-04,2014-05,"[u'39.079158', u'-77.088220']",13951047569,Maryland
362,2009-05,2009-05,"[u'42.929617', u'-75.856046']",3533760156,New York
363,2009-05,2009-05,"[u'42.929617', u'-75.856046']",3533760002,New York
364,2009-05,2009-05,"[u'42.929617', u'-75.856046']",3532942037,New York
365,2009-05,2009-05,"[u'42.929617', u'-75.856046']",3532941851,New York
366,2009-05,2009-05,"[u'42.929617', u'-75.856046']",3532941695,New York
367,2009-05,2009-05,"[u'42.929617', u'-75.856046']",3533759152,New York
368,2009-05,2009-05,"[u'42.929617', u'-75.856046']",3532941329,New York
369,2009-05,2009-05,"[u'42.929617', u'-75.856046']",3533758788,New York
370,2009-05,2009-05,"[u'42.929617', u'-75.856046']",3532940929,New York
371,2009-05,2009-05,"[u'42.929617', u'-75.856046']",3532940753,New York
372,2009-05,2009-05,"[u'42.929617', u'-75.856046']",3533758250,New York
373,2009-05,2009-05,"[u'42.929617', u'-75.856046']",3532940333,New York
374,2009-05,2009-05,"[u'42.929617', u'-75.856046']",3533757416,New York
375,2009-05,2009-05,"[u'42.929617', u'-75.856046']",3533756930,New York
376,2009-05,2009-05,"[u'42.929617', u'-75.856046']",3533756714,New York
377,2009-05,2009-05,"[u'42.929617', u'-75.856046']",3533756518,New York
378,2009-05,2009-05,"[u'42.929617', u'-75.856046']",3532938767,New York
379,2009-05,2009-05,"[u'42.929617', u'-75.856046']",3533756104,New York
380,2009-05,2009-05,"[u'42.929617', u'-75.856046']",3532938381,New York
381,2009-05,2009-05,"[u'42.929617', u'-75.856046']",3533755424,New York
382,2009-05,2009-05,"[u'42.929617', u'-75.856046']",3533755200,New York
383,2009-05,2009-05,"[u'42.929617', u'-75.856046']",3533755030,New York
384,2009-05,2009-05,"[u'42.929617', u'-75.856046']",3532937079,New York
385,2009-05,2009-05,"[u'42.929617', u'-75.856046']",3533754154,New York
386,2009-05,2009-05,"[u'42.929617', u'-75.856046']",3532936457,New York
387,2009-05,2009-05,"[u'42.929617', u'-75.856046']",3533753820,New York
388,2009-05,2009-05,"[u'42.929617', u'-75.856046']",3532936055,New York
389,2009-05,2009-05,"[u'42.929617', u'-75.856046']",3533753440,New York
390,2009-05,2009-05,"[u'42.929617', u'-75.856046']",3532935639,New York
391,2009-05,2009-05,"[u'42.929617', u'-75.856046']",3532935451,New York
392,2009-05,2009-05,"[u'42.929617', u'-75.856046']",3532935247,New York
393,2009-05,2009-05,"[u'42.929617', u'-75.856046']",3532935049,New York
394,2009-05,2009-05,"[u'42.929617', u'-75.856046']",3533752520,New York
395,2009-05,2009-05,"[u'42.929617', u'-75.856046']",3533752364,New York
396,2009-05,2009-05,"[u'42.929617', u'-75.856046']",3533752174,New York
397,2009-05,2009-05,"[u'42.929617', u'-75.856046']",3532934353,New York
398,2008-10,2009-06,"[u'47.530582', u'-122.023494']",3615124520,Washington
399,2013-02,2013-02,"[u'47.793582', u'-122.142627']",8512914929,Washington
400,2011-08,2011-08,"[u'42.217203', u'-83.532378']",6082219565,Michigan
401,2013-04,2013-04,"[u'38.696666', u'-77.256149']",8693853220,Virginia
402,2008-10,2008-10,"[u'42.929617', u'-75.856046']",2983762227,New York
403,2008-05,2008-05,"[u'39.114878', u'-77.241353']",2513907306,Maryland
404,2014-04,2014-04,"[u'47.045750', u'-122.818625']",13813597675,Washington
405,2007-07,2007-07,"[u'32.206682', u'-110.988382']",968133874,Arizona
406,2013-05,2013-06,"[u'41.654046', u'-87.631242']",8960343931,Illinois
407,2006-05,2012-01,"[u'42.495738', u'-70.919752']",6731308453,Massachusetts
408,2006-07,2012-09,"[u'43.050513', u'-88.221287']",7996359112,Wisconsin
409,2007-09,2007-10,"[u'37.682393', u'-112.121315']",1801091015,Utah
410,2015-04,2015-04,"[u'39.976661', u'-75.116630']",16841322087,Pennsylvania
411,2009-06,2014-02,"[u'43.060726', u'-87.875327']",12448611515,Wisconsin
412,2009-09,2012-09,"[u'42.944925', u'-87.994394']",7996127287,Wisconsin
413,2012-09,2012-09,"[u'43.055311', u'-88.218755']",7996404718,Wisconsin
414,2007-10,2007-10,"[u'42.928466', u'-75.855306']",1747543934,New York
415,2015-04,2015-04,"[u'40.033184', u'-75.171890']",17022823046,Pennsylvania
416,2009-09,2012-09,"[u'42.944925', u'-87.994394']",7996126791,Wisconsin
417,2011-05,2011-05,"[u'32.338000', u'-90.172734']",5739279631,Mississippi
418,2010-05,2010-05,"[u'45.584250', u'-122.758483']",4619912761,Oregon
419,2010-04,2010-04,"[u'40.956145', u'-73.706374']",4490239767,New York
420,2007-03,2007-10,"[u'42.929617', u'-75.856046']",1749548630,New York
421,2009-09,2012-09,"[u'42.944925', u'-87.994394']",7996133544,Wisconsin
422,2009-09,2012-09,"[u'42.944925', u'-87.994394']",7996133382,Wisconsin
423,2009-09,2012-09,"[u'42.944925', u'-87.994394']",7996126885,Wisconsin
424,2010-07,2012-09,"[u'42.944863', u'-87.994909']",7994694455,Wisconsin
425,2010-07,2012-09,"[u'42.944988', u'-87.993707']",7994703496,Wisconsin
426,2014-07,2014-07,"[u'39.050085', u'-76.976437']",14759644635,Maryland
427,2014-07,2014-07,"[u'39.050085', u'-76.976437']",14573197587,Maryland
428,2014-07,2014-07,"[u'39.050085', u'-76.976437']",14779516483,Maryland
429,2014-07,2014-07,"[u'39.050085', u'-76.976437']",14756469551,Maryland
430,2014-07,2014-07,"[u'39.050085', u'-76.976437']",14779516333,Maryland
431,2014-07,2014-07,"[u'39.050085', u'-76.976437']",14572993029,Maryland
432,2014-07,2014-07,"[u'39.050085', u'-76.976437']",14573015738,Maryland
433,2014-07,2014-07,"[u'39.050085', u'-76.976437']",14572950650,Maryland
434,2014-07,2014-07,"[u'39.050085', u'-76.976437']",14572950660,Maryland
435,2014-07,2014-07,"[u'39.050085', u'-76.976437']",14572950540,Maryland
436,2014-07,2014-07,"[u'39.050085', u'-76.976437']",14736644436,Maryland
437,2014-07,2014-07,"[u'39.050085', u'-76.976437']",14573015638,Maryland
438,2014-07,2014-07,"[u'39.050085', u'-76.976437']",14572950410,Maryland
439,2014-07,2014-07,"[u'39.050085', u'-76.976437']",14572992669,Maryland
440,2014-07,2014-07,"[u'39.050085', u'-76.976437']",14572992719,Maryland
441,2014-07,2014-07,"[u'39.050085', u'-76.976437']",14572950390,Maryland
442,2014-07,2014-07,"[u'39.050085', u'-76.976437']",14759644175,Maryland
443,2014-07,2014-07,"[u'39.050085', u'-76.976437']",14572950290,Maryland
444,2014-07,2014-07,"[u'39.050085', u'-76.976437']",14573015238,Maryland
445,2014-07,2014-07,"[u'39.050085', u'-76.976437']",14572992459,Maryland
446,2014-07,2014-07,"[u'39.050085', u'-76.976437']",14756468941,Maryland
447,2014-07,2014-07,"[u'39.050085', u'-76.976437']",14736643736,Maryland
448,2014-07,2014-07,"[u'39.050085', u'-76.976437']",14572992329,Maryland
449,2014-07,2014-07,"[u'39.050085', u'-76.976437']",14572949990,Maryland
450,2014-07,2014-07,"[u'39.050085', u'-76.976437']",14757300814,Maryland
451,2014-07,2014-07,"[u'39.050085', u'-76.976437']",14757300874,Maryland
452,2014-07,2014-07,"[u'39.050085', u'-76.976437']",14736643356,Maryland
453,2014-07,2014-07,"[u'39.050085', u'-76.976437']",14572991999,Maryland
454,2014-07,2014-07,"[u'39.050085', u'-76.976437']",14736643406,Maryland
455,2014-07,2014-07,"[u'39.050085', u'-76.976437']",14759643565,Maryland
456,2014-07,2014-07,"[u'39.050085', u'-76.976437']",14779515123,Maryland
457,2014-07,2014-07,"[u'39.050085', u'-76.976437']",14573196167,Maryland
458,2014-07,2014-07,"[u'39.050085', u'-76.976437']",14759319402,Maryland
459,2014-07,2014-07,"[u'39.050085', u'-76.976437']",14757300484,Maryland
460,2014-07,2014-07,"[u'39.050085', u'-76.976437']",14573014438,Maryland
461,2014-07,2014-07,"[u'39.050085', u'-76.976437']",14759318992,Maryland
462,2014-07,2014-07,"[u'39.050085', u'-76.976437']",14759319032,Maryland
463,2014-07,2014-07,"[u'39.050085', u'-76.976437']",14573195907,Maryland
464,2014-07,2014-07,"[u'39.050085', u'-76.976437']",14736642816,Maryland
465,2014-07,2014-07,"[u'39.050085', u'-76.976437']",14756467941,Maryland
466,2014-07,2014-07,"[u'39.050085', u'-76.976437']",14573195777,Maryland
467,2014-07,2014-07,"[u'39.050085', u'-76.976437']",14757299974,Maryland
468,2014-07,2014-07,"[u'39.050085', u'-76.976437']",14736642416,Maryland
469,2014-07,2014-07,"[u'39.050085', u'-76.976437']",14759318562,Maryland
470,2014-07,2014-07,"[u'39.050085', u'-76.976437']",14759642835,Maryland
471,2014-07,2014-07,"[u'39.050085', u'-76.976437']",14759642645,Maryland
472,2014-07,2014-07,"[u'39.050085', u'-76.976437']",14757299564,Maryland
473,2014-07,2014-07,"[u'39.050085', u'-76.976437']",14759642535,Maryland
474,2014-07,2014-07,"[u'39.050085', u'-76.976437']",14736641916,Maryland
475,2014-07,2014-07,"[u'39.050085', u'-76.976437']",14572948460,Maryland
476,2014-07,2014-07,"[u'39.050085', u'-76.976437']",14572990539,Maryland
477,2014-07,2014-07,"[u'39.050085', u'-76.976437']",14736641736,Maryland
478,2014-07,2014-07,"[u'39.050085', u'-76.976437']",14572948310,Maryland
479,2014-07,2014-07,"[u'39.050085', u'-76.976437']",14779513613,Maryland
480,2014-07,2014-07,"[u'39.050085', u'-76.976437']",14572948210,Maryland
481,2014-07,2014-07,"[u'39.050085', u'-76.976437']",14572990209,Maryland
482,2014-07,2014-07,"[u'39.050085', u'-76.976437']",14572990049,Maryland
483,2014-07,2014-07,"[u'39.050085', u'-76.976437']",14759642025,Maryland
484,2014-07,2014-07,"[u'39.050085', u'-76.976437']",14573012968,Maryland
485,2014-07,2014-07,"[u'39.050085', u'-76.976437']",14779513223,Maryland
486,2014-07,2014-07,"[u'39.050085', u'-76.976437']",14757298684,Maryland
487,2014-07,2014-07,"[u'39.050085', u'-76.976437']",14573012828,Maryland
488,2014-07,2014-07,"[u'39.050085', u'-76.976437']",14572989849,Maryland
489,2014-07,2014-07,"[u'39.050085', u'-76.976437']",14759317452,Maryland
490,2014-07,2014-07,"[u'39.050085', u'-76.976437']",14759317402,Maryland
491,2014-07,2014-07,"[u'39.050085', u'-76.976437']",14759317352,Maryland
492,2014-07,2014-07,"[u'39.050085', u'-76.976437']",14756466001,Maryland
493,2014-07,2014-07,"[u'39.050085', u'-76.976437']",14573193997,Maryland
494,2014-07,2014-07,"[u'39.050085', u'-76.976437']",14756465881,Maryland
495,2014-07,2014-07,"[u'39.050085', u'-76.976437']",14756465771,Maryland
496,2014-07,2014-07,"[u'39.050085', u'-76.976437']",14757297894,Maryland
497,2014-07,2014-07,"[u'39.050085', u'-76.976437']",14573193657,Maryland
498,2014-07,2014-07,"[u'39.050085', u'-76.976437']",14736640056,Maryland
499,2014-07,2014-07,"[u'39.050085', u'-76.976437']",14779512293,Maryland
500,2014-07,2014-07,"[u'39.050085', u'-76.976437']",14572989009,Maryland
501,2014-07,2014-07,"[u'39.050085', u'-76.976437']",14736639976,Maryland
502,2006-05,2012-01,"[u'42.495865', u'-70.919837']",6731244905,Massachusetts
503,2010-05,2010-05,"[u'45.584250', u'-122.756767']",4619887137,Oregon
504,2010-05,2010-05,"[u'45.584130', u'-122.758140']",4619887119,Oregon
505,2010-07,2012-09,"[u'42.944800', u'-87.995252']",7994701270,Wisconsin
506,2009-09,2012-09,"[u'42.944925', u'-87.994394']",7996133004,Wisconsin
507,2009-09,2012-09,"[u'42.944925', u'-87.994394']",7996126495,Wisconsin
508,2009-09,2012-09,"[u'42.944925', u'-87.994394']",7996126239,Wisconsin
509,2010-07,2012-09,"[u'42.944925', u'-87.994480']",7994694793,Wisconsin
510,2013-10,2013-10,"[u'41.958050', u'-87.669524']",10406374054,Illinois
511,2013-06,2013-09,"[u'38.747155', u'-90.423059']",9753967266,Missouri
512,2008-10,2008-10,"[u'42.929617', u'-75.856046']",2984621742,New York
513,2013-01,2013-01,"[u'41.989847', u'-87.763981']",8377782059,Illinois
514,2013-01,2013-01,"[u'41.989847', u'-87.763981']",8378864610,Illinois
515,2013-01,2013-01,"[u'41.989847', u'-87.763981']",8377794629,Illinois
516,2013-01,2013-01,"[u'41.989847', u'-87.763981']",8377775647,Illinois
517,2011-08,2011-08,"[u'42.218021', u'-83.533365']",6082759880,Michigan
518,1998-02,2012-11,"[u'42.936447', u'-89.378456']",8161952244,Wisconsin
519,2006-10,2010-04,"[u'45.500602', u'-122.644747']",4537209086,Oregon
520,2013-01,2013-01,"[u'41.989847', u'-87.763981']",8378845158,Illinois
521,2013-01,2013-01,"[u'41.989847', u'-87.763981']",8378841804,Illinois
522,2013-01,2013-01,"[u'41.989847', u'-87.763981']",8378838444,Illinois
523,2010-05,2010-05,"[u'45.584130', u'-122.758140']",4619887143,Oregon
524,2015-03,2015-04,"[u'40.092091', u'-75.052757']",16427972413,Pennsylvania
525,2015-04,2015-04,"[u'40.033184', u'-75.171890']",16860584210,Pennsylvania
526,2009-10,2009-10,"[u'37.785681', u'-122.396364']",4028703190,California
527,2009-06,2009-06,"[u'47.701725', u'-122.324631']",3606566924,Washington
528,2010-07,2012-09,"[u'42.944925', u'-87.994480']",7994696997,Wisconsin
529,2010-07,2012-09,"[u'42.944800', u'-87.994480']",7994696431,Wisconsin
530,2010-05,2010-05,"[u'40.513766', u'-74.357893']",4647240465,New Jersey
531,2007-07,2007-07,"[u'32.206682', u'-110.988382']",968172528,Arizona
532,2015-03,2015-04,"[u'40.056280', u'-75.156472']",16425673524,Pennsylvania
533,2013-05,2013-05,"[u'47.382666', u'-122.223834']",8701045748,Washington
534,2014-04,2014-04,"[u'47.045750', u'-122.818625']",13813618993,Washington
535,2010-05,2010-05,"[u'40.513766', u'-74.357893']",4647855314,New Jersey
536,2010-05,2010-05,"[u'40.513766', u'-74.357893']",4647852470,New Jersey
537,2010-05,2010-05,"[u'40.513766', u'-74.357893']",4647237121,New Jersey
538,2011-08,2011-08,"[u'42.218021', u'-83.533365']",6082759880,Michigan
539,1998-02,2012-11,"[u'42.936447', u'-89.378456']",8161952244,Wisconsin
540,2006-10,2010-04,"[u'45.500602', u'-122.644747']",4537209086,Oregon
541,2013-01,2013-01,"[u'41.989847', u'-87.763981']",8378845158,Illinois
542,2013-01,2013-01,"[u'41.989847', u'-87.763981']",8378841804,Illinois
543,2013-01,2013-01,"[u'41.989847', u'-87.763981']",8378838444,Illinois
544,2010-05,2010-05,"[u'45.584130', u'-122.758140']",4619887143,Oregon
545,2015-03,2015-04,"[u'40.092091', u'-75.052757']",16427972413,Pennsylvania
546,2015-04,2015-04,"[u'40.033184', u'-75.171890']",16860584210,Pennsylvania
547,2009-10,2009-10,"[u'37.785681', u'-122.396364']",4028703190,California
548,2009-06,2009-06,"[u'47.701725', u'-122.324631']",3606566924,Washington
549,2010-07,2012-09,"[u'42.944925', u'-87.994480']",7994696997,Wisconsin
550,2010-07,2012-09,"[u'42.944800', u'-87.994480']",7994696431,Wisconsin
551,2010-05,2010-05,"[u'40.513766', u'-74.357893']",4647240465,New Jersey
552,2007-07,2007-07,"[u'32.206682', u'-110.988382']",968172528,Arizona
553,2015-03,2015-04,"[u'40.056280', u'-75.156472']",16425673524,Pennsylvania
554,2013-05,2013-05,"[u'47.382666', u'-122.223834']",8701045748,Washington
555,2014-04,2014-04,"[u'47.045750', u'-122.818625']",13813618993,Washington
556,2010-05,2010-05,"[u'40.513766', u'-74.357893']",4647855314,New Jersey
557,2010-05,2010-05,"[u'40.513766', u'-74.357893']",4647852470,New Jersey
558,2010-05,2010-05,"[u'40.513766', u'-74.357893']",4647237121,New Jersey
559,2011-08,2011-08,"[u'42.218021', u'-83.533365']",6082759880,Michigan
560,1998-02,2012-11,"[u'42.936447', u'-89.378456']",8161952244,Wisconsin
561,2006-10,2010-04,"[u'45.500602', u'-122.644747']",4537209086,Oregon
562,2013-01,2013-01,"[u'41.989847', u'-87.763981']",8378845158,Illinois
563,2013-01,2013-01,"[u'41.989847', u'-87.763981']",8378841804,Illinois
564,2013-01,2013-01,"[u'41.989847', u'-87.763981']",8378838444,Illinois
565,2010-05,2010-05,"[u'45.584130', u'-122.758140']",4619887143,Oregon
566,2015-03,2015-04,"[u'40.092091', u'-75.052757']",16427972413,Pennsylvania
567,2015-04,2015-04,"[u'40.033184', u'-75.171890']",16860584210,Pennsylvania
568,2009-10,2009-10,"[u'37.785681', u'-122.396364']",4028703190,California
569,2009-06,2009-06,"[u'47.701725', u'-122.324631']",3606566924,Washington
570,2010-07,2012-09,"[u'42.944925', u'-87.994480']",7994696997,Wisconsin
571,2010-07,2012-09,"[u'42.944800', u'-87.994480']",7994696431,Wisconsin
572,2010-05,2010-05,"[u'40.513766', u'-74.357893']",4647240465,New Jersey
573,2007-07,2007-07,"[u'32.206682', u'-110.988382']",968172528,Arizona
574,2015-03,2015-04,"[u'40.056280', u'-75.156472']",16425673524,Pennsylvania
575,2013-05,2013-05,"[u'47.382666', u'-122.223834']",8701045748,Washington
576,2014-04,2014-04,"[u'47.045750', u'-122.818625']",13813618993,Washington
577,2010-05,2010-05,"[u'40.513766', u'-74.357893']",4647855314,New Jersey
578,2010-05,2010-05,"[u'40.513766', u'-74.357893']",4647852470,New Jersey
579,2010-05,2010-05,"[u'40.513766', u'-74.357893']",4647237121,New Jersey
580,2011-08,2011-08,"[u'42.218021', u'-83.533365']",6082759880,Michigan
581,1998-02,2012-11,"[u'42.936447', u'-89.378456']",8161952244,Wisconsin
582,2006-10,2010-04,"[u'45.500602', u'-122.644747']",4537209086,Oregon
583,2013-01,2013-01,"[u'41.989847', u'-87.763981']",8378845158,Illinois
584,2013-01,2013-01,"[u'41.989847', u'-87.763981']",8378841804,Illinois
585,2013-01,2013-01,"[u'41.989847', u'-87.763981']",8378838444,Illinois
586,2010-05,2010-05,"[u'45.584130', u'-122.758140']",4619887143,Oregon
587,2015-03,2015-04,"[u'40.092091', u'-75.052757']",16427972413,Pennsylvania
588,2015-04,2015-04,"[u'40.033184', u'-75.171890']",16860584210,Pennsylvania
589,2009-10,2009-10,"[u'37.785681', u'-122.396364']",4028703190,California
590,2009-06,2009-06,"[u'47.701725', u'-122.324631']",3606566924,Washington
591,2010-07,2012-09,"[u'42.944925', u'-87.994480']",7994696997,Wisconsin
592,2010-07,2012-09,"[u'42.944800', u'-87.994480']",7994696431,Wisconsin
593,2010-05,2010-05,"[u'40.513766', u'-74.357893']",4647240465,New Jersey
594,2007-07,2007-07,"[u'32.206682', u'-110.988382']",968172528,Arizona
595,2015-03,2015-04,"[u'40.056280', u'-75.156472']",16425673524,Pennsylvania
596,2013-05,2013-05,"[u'47.382666', u'-122.223834']",8701045748,Washington
597,2014-04,2014-04,"[u'47.045750', u'-122.818625']",13813618993,Washington
598,2010-05,2010-05,"[u'40.513766', u'-74.357893']",4647855314,New Jersey
599,2010-05,2010-05,"[u'40.513766', u'-74.357893']",4647852470,New Jersey
600,2010-05,2010-05,"[u'40.513766', u'-74.357893']",4647237121,New Jersey
601,2011-08,2011-08,"[u'42.218021', u'-83.533365']",6082759880,Michigan
602,1998-02,2012-11,"[u'42.936447', u'-89.378456']",8161952244,Wisconsin
603,2006-10,2010-04,"[u'45.500602', u'-122.644747']",4537209086,Oregon
604,2013-01,2013-01,"[u'41.989847', u'-87.763981']",8378845158,Illinois
605,2013-01,2013-01,"[u'41.989847', u'-87.763981']",8378841804,Illinois
606,2013-01,2013-01,"[u'41.989847', u'-87.763981']",8378838444,Illinois
607,2010-05,2010-05,"[u'45.584130', u'-122.758140']",4619887143,Oregon
608,2015-03,2015-04,"[u'40.092091', u'-75.052757']",16427972413,Pennsylvania
609,2015-04,2015-04,"[u'40.033184', u'-75.171890']",16860584210,Pennsylvania
610,2009-10,2009-10,"[u'37.785681', u'-122.396364']",4028703190,California
611,2009-06,2009-06,"[u'47.701725', u'-122.324631']",3606566924,Washington
612,2010-07,2012-09,"[u'42.944925', u'-87.994480']",7994696997,Wisconsin
613,2010-07,2012-09,"[u'42.944800', u'-87.994480']",7994696431,Wisconsin
614,2010-05,2010-05,"[u'40.513766', u'-74.357893']",4647240465,New Jersey
615,2007-07,2007-07,"[u'32.206682', u'-110.988382']",968172528,Arizona
616,2015-03,2015-04,"[u'40.056280', u'-75.156472']",16425673524,Pennsylvania
617,2013-05,2013-05,"[u'47.382666', u'-122.223834']",8701045748,Washington
618,2014-04,2014-04,"[u'47.045750', u'-122.818625']",13813618993,Washington
619,2010-05,2010-05,"[u'40.513766', u'-74.357893']",4647855314,New Jersey
620,2010-05,2010-05,"[u'40.513766', u'-74.357893']",4647852470,New Jersey
621,2010-05,2010-05,"[u'40.513766', u'-74.357893']",4647237121,New Jersey
622,2011-08,2011-08,"[u'42.218021', u'-83.533365']",6082759880,Michigan
623,1998-02,2012-11,"[u'42.936447', u'-89.378456']",8161952244,Wisconsin
624,2006-10,2010-04,"[u'45.500602', u'-122.644747']",4537209086,Oregon
625,2013-01,2013-01,"[u'41.989847', u'-87.763981']",8378845158,Illinois
626,2013-01,2013-01,"[u'41.989847', u'-87.763981']",8378841804,Illinois
627,2013-01,2013-01,"[u'41.989847', u'-87.763981']",8378838444,Illinois
628,2010-05,2010-05,"[u'45.584130', u'-122.758140']",4619887143,Oregon
629,2015-03,2015-04,"[u'40.092091', u'-75.052757']",16427972413,Pennsylvania
630,2015-04,2015-04,"[u'40.033184', u'-75.171890']",16860584210,Pennsylvania
631,2009-10,2009-10,"[u'37.785681', u'-122.396364']",4028703190,California
632,2009-06,2009-06,"[u'47.701725', u'-122.324631']",3606566924,Washington
633,2010-07,2012-09,"[u'42.944925', u'-87.994480']",7994696997,Wisconsin
634,2010-07,2012-09,"[u'42.944800', u'-87.994480']",7994696431,Wisconsin
635,2010-05,2010-05,"[u'40.513766', u'-74.357893']",4647240465,New Jersey
636,2007-07,2007-07,"[u'32.206682', u'-110.988382']",968172528,Arizona
637,2015-03,2015-04,"[u'40.056280', u'-75.156472']",16425673524,Pennsylvania
638,2013-05,2013-05,"[u'47.382666', u'-122.223834']",8701045748,Washington
639,2014-04,2014-04,"[u'47.045750', u'-122.818625']",13813618993,Washington
640,2010-05,2010-05,"[u'40.513766', u'-74.357893']",4647855314,New Jersey
641,2010-05,2010-05,"[u'40.513766', u'-74.357893']",4647852470,New Jersey
642,2010-05,2010-05,"[u'40.513766', u'-74.357893']",4647237121,New Jersey
643,2011-08,2011-08,"[u'42.218021', u'-83.533365']",6082759880,Michigan
644,1998-02,2012-11,"[u'42.936447', u'-89.378456']",8161952244,Wisconsin
645,2006-10,2010-04,"[u'45.500602', u'-122.644747']",4537209086,Oregon
646,2013-01,2013-01,"[u'41.989847', u'-87.763981']",8378845158,Illinois
647,2013-01,2013-01,"[u'41.989847', u'-87.763981']",8378841804,Illinois
648,2013-01,2013-01,"[u'41.989847', u'-87.763981']",8378838444,Illinois
649,2010-05,2010-05,"[u'45.584130', u'-122.758140']",4619887143,Oregon
650,2015-03,2015-04,"[u'40.092091', u'-75.052757']",16427972413,Pennsylvania
651,2015-04,2015-04,"[u'40.033184', u'-75.171890']",16860584210,Pennsylvania
652,2009-10,2009-10,"[u'37.785681', u'-122.396364']",4028703190,California
653,2009-06,2009-06,"[u'47.701725', u'-122.324631']",3606566924,Washington
654,2010-07,2012-09,"[u'42.944925', u'-87.994480']",7994696997,Wisconsin
655,2010-07,2012-09,"[u'42.944800', u'-87.994480']",7994696431,Wisconsin
656,2010-05,2010-05,"[u'40.513766', u'-74.357893']",4647240465,New Jersey
657,2007-07,2007-07,"[u'32.206682', u'-110.988382']",968172528,Arizona
658,2015-03,2015-04,"[u'40.056280', u'-75.156472']",16425673524,Pennsylvania
659,2013-05,2013-05,"[u'47.382666', u'-122.223834']",8701045748,Washington
660,2014-04,2014-04,"[u'47.045750', u'-122.818625']",13813618993,Washington
661,2010-05,2010-05,"[u'40.513766', u'-74.357893']",4647855314,New Jersey
662,2010-05,2010-05,"[u'40.513766', u'-74.357893']",4647852470,New Jersey
663,2010-05,2010-05,"[u'40.513766', u'-74.357893']",4647237121,New Jersey
664,2011-08,2011-08,"[u'42.218021', u'-83.533365']",6082759880,Michigan
665,1998-02,2012-11,"[u'42.936447', u'-89.378456']",8161952244,Wisconsin
666,2006-10,2010-04,"[u'45.500602', u'-122.644747']",4537209086,Oregon
667,2013-01,2013-01,"[u'41.989847', u'-87.763981']",8378845158,Illinois
668,2013-01,2013-01,"[u'41.989847', u'-87.763981']",8378841804,Illinois
669,2013-01,2013-01,"[u'41.989847', u'-87.763981']",8378838444,Illinois
670,2010-05,2010-05,"[u'45.584130', u'-122.758140']",4619887143,Oregon
671,2015-03,2015-04,"[u'40.092091', u'-75.052757']",16427972413,Pennsylvania
672,2015-04,2015-04,"[u'40.033184', u'-75.171890']",16860584210,Pennsylvania
673,2009-10,2009-10,"[u'37.785681', u'-122.396364']",4028703190,California
674,2009-06,2009-06,"[u'47.701725', u'-122.324631']",3606566924,Washington
675,2010-07,2012-09,"[u'42.944925', u'-87.994480']",7994696997,Wisconsin
676,2010-07,2012-09,"[u'42.944800', u'-87.994480']",7994696431,Wisconsin
677,2010-05,2010-05,"[u'40.513766', u'-74.357893']",4647240465,New Jersey
678,2007-07,2007-07,"[u'32.206682', u'-110.988382']",968172528,Arizona
679,2015-03,2015-04,"[u'40.056280', u'-75.156472']",16425673524,Pennsylvania
680,2013-05,2013-05,"[u'47.382666', u'-122.223834']",8701045748,Washington
681,2014-04,2014-04,"[u'47.045750', u'-122.818625']",13813618993,Washington
682,2010-05,2010-05,"[u'40.513766', u'-74.357893']",4647855314,New Jersey
683,2010-05,2010-05,"[u'40.513766', u'-74.357893']",4647852470,New Jersey
684,2010-05,2010-05,"[u'40.513766', u'-74.357893']",4647237121,New Jersey
685,2011-08,2011-08,"[u'42.218021', u'-83.533365']",6082759880,Michigan
686,1998-02,2012-11,"[u'42.936447', u'-89.378456']",8161952244,Wisconsin
687,2006-10,2010-04,"[u'45.500602', u'-122.644747']",4537209086,Oregon
688,2013-01,2013-01,"[u'41.989847', u'-87.763981']",8378845158,Illinois
689,2013-01,2013-01,"[u'41.989847', u'-87.763981']",8378841804,Illinois
690,2013-01,2013-01,"[u'41.989847', u'-87.763981']",8378838444,Illinois
691,2010-05,2010-05,"[u'45.584130', u'-122.758140']",4619887143,Oregon
692,2015-03,2015-04,"[u'40.092091', u'-75.052757']",16427972413,Pennsylvania
693,2015-04,2015-04,"[u'40.033184', u'-75.171890']",16860584210,Pennsylvania
694,2009-10,2009-10,"[u'37.785681', u'-122.396364']",4028703190,California
695,2009-06,2009-06,"[u'47.701725', u'-122.324631']",3606566924,Washington
696,2010-07,2012-09,"[u'42.944925', u'-87.994480']",7994696997,Wisconsin
697,2010-07,2012-09,"[u'42.944800', u'-87.994480']",7994696431,Wisconsin
698,2010-05,2010-05,"[u'40.513766', u'-74.357893']",4647240465,New Jersey
699,2007-07,2007-07,"[u'32.206682', u'-110.988382']",968172528,Arizona
700,2015-03,2015-04,"[u'40.056280', u'-75.156472']",16425673524,Pennsylvania
701,2013-05,2013-05,"[u'47.382666', u'-122.223834']",8701045748,Washington
702,2014-04,2014-04,"[u'47.045750', u'-122.818625']",13813618993,Washington
703,2010-05,2010-05,"[u'40.513766', u'-74.357893']",4647855314,New Jersey
704,2010-05,2010-05,"[u'40.513766', u'-74.357893']",4647852470,New Jersey
705,2010-05,2010-05,"[u'40.513766', u'-74.357893']",4647237121,New Jersey
706,2011-08,2011-08,"[u'42.218021', u'-83.533365']",6082759880,Michigan
707,1998-02,2012-11,"[u'42.936447', u'-89.378456']",8161952244,Wisconsin
708,2006-10,2010-04,"[u'45.500602', u'-122.644747']",4537209086,Oregon
709,2013-01,2013-01,"[u'41.989847', u'-87.763981']",8378845158,Illinois
710,2013-01,2013-01,"[u'41.989847', u'-87.763981']",8378841804,Illinois
711,2013-01,2013-01,"[u'41.989847', u'-87.763981']",8378838444,Illinois
712,2010-05,2010-05,"[u'45.584130', u'-122.758140']",4619887143,Oregon
713,2015-03,2015-04,"[u'40.092091', u'-75.052757']",16427972413,Pennsylvania
714,2015-04,2015-04,"[u'40.033184', u'-75.171890']",16860584210,Pennsylvania
715,2009-10,2009-10,"[u'37.785681', u'-122.396364']",4028703190,California
716,2009-06,2009-06,"[u'47.701725', u'-122.324631']",3606566924,Washington
717,2010-07,2012-09,"[u'42.944925', u'-87.994480']",7994696997,Wisconsin
718,2010-07,2012-09,"[u'42.944800', u'-87.994480']",7994696431,Wisconsin
719,2010-05,2010-05,"[u'40.513766', u'-74.357893']",4647240465,New Jersey
720,2007-07,2007-07,"[u'32.206682', u'-110.988382']",968172528,Arizona
721,2015-03,2015-04,"[u'40.056280', u'-75.156472']",16425673524,Pennsylvania
722,2013-05,2013-05,"[u'47.382666', u'-122.223834']",8701045748,Washington
723,2014-04,2014-04,"[u'47.045750', u'-122.818625']",13813618993,Washington
724,2010-05,2010-05,"[u'40.513766', u'-74.357893']",4647855314,New Jersey
725,2010-05,2010-05,"[u'40.513766', u'-74.357893']",4647852470,New Jersey
726,2010-05,2010-05,"[u'40.513766', u'-74.357893']",4647237121,New Jersey
727,2011-08,2011-08,"[u'42.218021', u'-83.533365']",6082759880,Michigan
728,1998-02,2012-11,"[u'42.936447', u'-89.378456']",8161952244,Wisconsin
729,2006-10,2010-04,"[u'45.500602', u'-122.644747']",4537209086,Oregon
730,2013-01,2013-01,"[u'41.989847', u'-87.763981']",8378845158,Illinois
731,2013-01,2013-01,"[u'41.989847', u'-87.763981']",8378841804,Illinois
732,2013-01,2013-01,"[u'41.989847', u'-87.763981']",8378838444,Illinois
733,2010-05,2010-05,"[u'45.584130', u'-122.758140']",4619887143,Oregon
734,2015-03,2015-04,"[u'40.092091', u'-75.052757']",16427972413,Pennsylvania
735,2015-04,2015-04,"[u'40.033184', u'-75.171890']",16860584210,Pennsylvania
736,2009-10,2009-10,"[u'37.785681', u'-122.396364']",4028703190,California
737,2009-06,2009-06,"[u'47.701725', u'-122.324631']",3606566924,Washington
738,2010-07,2012-09,"[u'42.944925', u'-87.994480']",7994696997,Wisconsin
739,2010-07,2012-09,"[u'42.944800', u'-87.994480']",7994696431,Wisconsin
740,2010-05,2010-05,"[u'40.513766', u'-74.357893']",4647240465,New Jersey
741,2007-07,2007-07,"[u'32.206682', u'-110.988382']",968172528,Arizona
742,2015-03,2015-04,"[u'40.056280', u'-75.156472']",16425673524,Pennsylvania
743,2013-05,2013-05,"[u'47.382666', u'-122.223834']",8701045748,Washington
744,2014-04,2014-04,"[u'47.045750', u'-122.818625']",13813618993,Washington
745,2010-05,2010-05,"[u'40.513766', u'-74.357893']",4647855314,New Jersey
746,2010-05,2010-05,"[u'40.513766', u'-74.357893']",4647852470,New Jersey
747,2010-05,2010-05,"[u'40.513766', u'-74.357893']",4647237121,New Jersey
748,2011-08,2011-08,"[u'42.218021', u'-83.533365']",6082759880,Michigan
749,1998-02,2012-11,"[u'42.936447', u'-89.378456']",8161952244,Wisconsin
750,2006-10,2010-04,"[u'45.500602', u'-122.644747']",4537209086,Oregon
751,2013-01,2013-01,"[u'41.989847', u'-87.763981']",8378845158,Illinois
752,2013-01,2013-01,"[u'41.989847', u'-87.763981']",8378841804,Illinois
753,2013-01,2013-01,"[u'41.989847', u'-87.763981']",8378838444,Illinois
754,2010-05,2010-05,"[u'45.584130', u'-122.758140']",4619887143,Oregon
755,2015-03,2015-04,"[u'40.092091', u'-75.052757']",16427972413,Pennsylvania
756,2015-04,2015-04,"[u'40.033184', u'-75.171890']",16860584210,Pennsylvania
757,2009-10,2009-10,"[u'37.785681', u'-122.396364']",4028703190,California
758,2009-06,2009-06,"[u'47.701725', u'-122.324631']",3606566924,Washington
759,2010-07,2012-09,"[u'42.944925', u'-87.994480']",7994696997,Wisconsin
760,2010-07,2012-09,"[u'42.944800', u'-87.994480']",7994696431,Wisconsin
761,2010-05,2010-05,"[u'40.513766', u'-74.357893']",4647240465,New Jersey
762,2007-07,2007-07,"[u'32.206682', u'-110.988382']",968172528,Arizona
763,2015-03,2015-04,"[u'40.056280', u'-75.156472']",16425673524,Pennsylvania
764,2013-05,2013-05,"[u'47.382666', u'-122.223834']",8701045748,Washington
765,2014-04,2014-04,"[u'47.045750', u'-122.818625']",13813618993,Washington
766,2010-05,2010-05,"[u'40.513766', u'-74.357893']",4647855314,New Jersey
767,2010-05,2010-05,"[u'40.513766', u'-74.357893']",4647852470,New Jersey
768,2010-05,2010-05,"[u'40.513766', u'-74.357893']",4647237121,New Jersey
769,2011-08,2011-08,"[u'42.218021', u'-83.533365']",6082759880,Michigan
770,1998-02,2012-11,"[u'42.936447', u'-89.378456']",8161952244,Wisconsin
771,2006-10,2010-04,"[u'45.500602', u'-122.644747']",4537209086,Oregon
772,2013-01,2013-01,"[u'41.989847', u'-87.763981']",8378845158,Illinois
773,2013-01,2013-01,"[u'41.989847', u'-87.763981']",8378841804,Illinois
774,2013-01,2013-01,"[u'41.989847', u'-87.763981']",8378838444,Illinois
775,2010-05,2010-05,"[u'45.584130', u'-122.758140']",4619887143,Oregon
776,2015-03,2015-04,"[u'40.092091', u'-75.052757']",16427972413,Pennsylvania
777,2015-04,2015-04,"[u'40.033184', u'-75.171890']",16860584210,Pennsylvania
778,2009-10,2009-10,"[u'37.785681', u'-122.396364']",4028703190,California
779,2009-06,2009-06,"[u'47.701725', u'-122.324631']",3606566924,Washington
780,2010-07,2012-09,"[u'42.944925', u'-87.994480']",7994696997,Wisconsin
781,2010-07,2012-09,"[u'42.944800', u'-87.994480']",7994696431,Wisconsin
782,2010-05,2010-05,"[u'40.513766', u'-74.357893']",4647240465,New Jersey
783,2007-07,2007-07,"[u'32.206682', u'-110.988382']",968172528,Arizona
784,2015-03,2015-04,"[u'40.056280', u'-75.156472']",16425673524,Pennsylvania
785,2013-05,2013-05,"[u'47.382666', u'-122.223834']",8701045748,Washington
786,2014-04,2014-04,"[u'47.045750', u'-122.818625']",13813618993,Washington
787,2010-05,2010-05,"[u'40.513766', u'-74.357893']",4647855314,New Jersey
788,2010-05,2010-05,"[u'40.513766', u'-74.357893']",4647852470,New Jersey
789,2010-05,2010-05,"[u'40.513766', u'-74.357893']",4647237121,New Jersey
790,2011-08,2011-08,"[u'42.218021', u'-83.533365']",6082759880,Michigan
791,1998-02,2012-11,"[u'42.936447', u'-89.378456']",8161952244,Wisconsin
792,2006-10,2010-04,"[u'45.500602', u'-122.644747']",4537209086,Oregon
793,2013-01,2013-01,"[u'41.989847', u'-87.763981']",8378845158,Illinois
794,2013-01,2013-01,"[u'41.989847', u'-87.763981']",8378841804,Illinois
795,2013-01,2013-01,"[u'41.989847', u'-87.763981']",8378838444,Illinois
796,2010-05,2010-05,"[u'45.584130', u'-122.758140']",4619887143,Oregon
797,2015-03,2015-04,"[u'40.092091', u'-75.052757']",16427972413,Pennsylvania
798,2015-04,2015-04,"[u'40.033184', u'-75.171890']",16860584210,Pennsylvania
799,2009-10,2009-10,"[u'37.785681', u'-122.396364']",4028703190,California
800,2009-06,2009-06,"[u'47.701725', u'-122.324631']",3606566924,Washington
801,2010-07,2012-09,"[u'42.944925', u'-87.994480']",7994696997,Wisconsin
802,2010-07,2012-09,"[u'42.944800', u'-87.994480']",7994696431,Wisconsin
803,2010-05,2010-05,"[u'40.513766', u'-74.357893']",4647240465,New Jersey
804,2007-07,2007-07,"[u'32.206682', u'-110.988382']",968172528,Arizona
805,2015-03,2015-04,"[u'40.056280', u'-75.156472']",16425673524,Pennsylvania
806,2013-05,2013-05,"[u'47.382666', u'-122.223834']",8701045748,Washington
807,2014-04,2014-04,"[u'47.045750', u'-122.818625']",13813618993,Washington
808,2010-05,2010-05,"[u'40.513766', u'-74.357893']",4647855314,New Jersey
809,2010-05,2010-05,"[u'40.513766', u'-74.357893']",4647852470,New Jersey
810,2010-05,2010-05,"[u'40.513766', u'-74.357893']",4647237121,New Jersey
811,2011-08,2011-08,"[u'42.218021', u'-83.533365']",6082759880,Michigan
812,1998-02,2012-11,"[u'42.936447', u'-89.378456']",8161952244,Wisconsin
813,2006-10,2010-04,"[u'45.500602', u'-122.644747']",4537209086,Oregon
814,2013-01,2013-01,"[u'41.989847', u'-87.763981']",8378845158,Illinois
815,2013-01,2013-01,"[u'41.989847', u'-87.763981']",8378841804,Illinois
816,2013-01,2013-01,"[u'41.989847', u'-87.763981']",8378838444,Illinois
817,2010-05,2010-05,"[u'45.584130', u'-122.758140']",4619887143,Oregon
818,2009-10,2009-10,"[u'37.785681', u'-122.396364']",4028703190,California
819,2009-06,2009-06,"[u'47.701725', u'-122.324631']",3606566924,Washington
820,2010-07,2012-09,"[u'42.944925', u'-87.994480']",7994696997,Wisconsin
821,2010-07,2012-09,"[u'42.944800', u'-87.994480']",7994696431,Wisconsin
822,2010-05,2010-05,"[u'40.513766', u'-74.357893']",4647240465,New Jersey
823,2007-07,2007-07,"[u'32.206682', u'-110.988382']",968172528,Arizona
824,2015-03,2015-04,"[u'40.056280', u'-75.156472']",16425673524,Pennsylvania
825,2013-05,2013-05,"[u'47.382666', u'-122.223834']",8701045748,Washington
826,2014-04,2014-04,"[u'47.045750', u'-122.818625']",13813618993,Washington
827,2010-05,2010-05,"[u'40.513766', u'-74.357893']",4647855314,New Jersey
828,2010-05,2010-05,"[u'40.513766', u'-74.357893']",4647852470,New Jersey
829,2010-05,2010-05,"[u'40.513766', u'-74.357893']",4647237121,New Jersey
830,2015-03,2015-04,"[u'40.092091', u'-75.052757']",16427972413,Pennsylvania
831,2015-04,2015-04,"[u'40.033184', u'-75.171890']",16860584210,Pennsylvania
